<?xml version="1.0" encoding="utf-8" standalone="no"?>
<toc label="PHP 5.4 Reference Manual" topic="php-chunked-xhtml/index.html">
<topic label="Copyright" href="php-chunked-xhtml/copyright.html"/><topic label="PHP Manual" href="php-chunked-xhtml/manual.html"><topic label="Preface" href="php-chunked-xhtml/preface.html"/></topic><topic label="Getting Started" href="php-chunked-xhtml/getting-started.html"><topic label="Introduction" href="php-chunked-xhtml/introduction.html"/><topic label="A simple tutorial" href="php-chunked-xhtml/tutorial.html"/></topic><topic label="Installation and Configuration" href="php-chunked-xhtml/install.html"><topic label="General Installation Considerations" href="php-chunked-xhtml/install.general.html"/><topic label="Installation on Unix systems" href="php-chunked-xhtml/install.unix.html"/><topic label="Installation on Mac OS X" href="php-chunked-xhtml/install.macosx.html"/><topic label="Installation on Windows systems" href="php-chunked-xhtml/install.windows.html"/><topic label="Installation on Cloud Computing platforms" href="php-chunked-xhtml/install.cloud.html"/><topic label="FastCGI Process Manager (FPM)" href="php-chunked-xhtml/install.fpm.html"/><topic label="Installation of PECL extensions" href="php-chunked-xhtml/install.pecl.html"/><topic label="Problems?" href="php-chunked-xhtml/install.problems.html"/><topic label="Runtime Configuration" href="php-chunked-xhtml/configuration.html"/></topic><topic label="Language Reference" href="php-chunked-xhtml/langref.html"><topic label="Basic syntax" href="php-chunked-xhtml/language.basic-syntax.html"/><topic label="Types" href="php-chunked-xhtml/language.types.html"/><topic label="Variables" href="php-chunked-xhtml/language.variables.html"/><topic label="Constants" href="php-chunked-xhtml/language.constants.html"/><topic label="Expressions" href="php-chunked-xhtml/language.expressions.html"/><topic label="Operators" href="php-chunked-xhtml/language.operators.html"/><topic label="Control Structures" href="php-chunked-xhtml/language.control-structures.html"/><topic label="Functions" href="php-chunked-xhtml/language.functions.html"/><topic label="Classes and Objects" href="php-chunked-xhtml/language.oop5.html"/><topic label="Namespaces" href="php-chunked-xhtml/language.namespaces.html"/><topic label="Exceptions" href="php-chunked-xhtml/language.exceptions.html"/><topic label="Generators" href="php-chunked-xhtml/language.generators.html"/><topic label="References Explained" href="php-chunked-xhtml/language.references.html"/><topic label="Predefined Variables" href="php-chunked-xhtml/reserved.variables.html"/><topic label="Predefined Exceptions" href="php-chunked-xhtml/reserved.exceptions.html"/><topic label="Predefined Interfaces" href="php-chunked-xhtml/reserved.interfaces.html"/><topic label="Context options and parameters" href="php-chunked-xhtml/context.html"/><topic label="Supported Protocols and Wrappers" href="php-chunked-xhtml/wrappers.html"/></topic><topic label="Security" href="php-chunked-xhtml/security.html"><topic label="Introduction" href="php-chunked-xhtml/security.intro.html"/><topic label="General considerations" href="php-chunked-xhtml/security.general.html"/><topic label="Installed as CGI binary" href="php-chunked-xhtml/security.cgi-bin.html"/><topic label="Installed as an Apache module" href="php-chunked-xhtml/security.apache.html"/><topic label="Filesystem Security" href="php-chunked-xhtml/security.filesystem.html"/><topic label="Database Security" href="php-chunked-xhtml/security.database.html"/><topic label="Error Reporting" href="php-chunked-xhtml/security.errors.html"/><topic label="Using Register Globals" href="php-chunked-xhtml/security.globals.html"/><topic label="User Submitted Data" href="php-chunked-xhtml/security.variables.html"/><topic label="Magic Quotes" href="php-chunked-xhtml/security.magicquotes.html"/><topic label="Hiding PHP" href="php-chunked-xhtml/security.hiding.html"/><topic label="Keeping Current" href="php-chunked-xhtml/security.current.html"/></topic><topic label="Features" href="php-chunked-xhtml/features.html"><topic label="HTTP authentication with PHP" href="php-chunked-xhtml/features.http-auth.html"/><topic label="Cookies" href="php-chunked-xhtml/features.cookies.html"/><topic label="Sessions" href="php-chunked-xhtml/features.sessions.html"/><topic label="Dealing with XForms" href="php-chunked-xhtml/features.xforms.html"/><topic label="Handling file uploads" href="php-chunked-xhtml/features.file-upload.html"/><topic label="Using remote files" href="php-chunked-xhtml/features.remote-files.html"/><topic label="Connection handling" href="php-chunked-xhtml/features.connection-handling.html"/><topic label="Persistent Database Connections" href="php-chunked-xhtml/features.persistent-connections.html"/><topic label="Safe Mode" href="php-chunked-xhtml/features.safe-mode.html"/><topic label="Command line usage" href="php-chunked-xhtml/features.commandline.html"/><topic label="Garbage Collection" href="php-chunked-xhtml/features.gc.html"/></topic><topic label="Function Reference" href="php-chunked-xhtml/funcref.html"><topic label="Affecting PHP's Behaviour" href="php-chunked-xhtml/refs.basic.php.html"/><topic label="Audio Formats Manipulation" href="php-chunked-xhtml/refs.utilspec.audio.html"/><topic label="Authentication Services" href="php-chunked-xhtml/refs.remote.auth.html"/><topic label="Date and Time Related Extensions" href="php-chunked-xhtml/refs.calendar.html"/><topic label="Command Line Specific Extensions" href="php-chunked-xhtml/refs.utilspec.cmdline.html"/><topic label="Compression and Archive Extensions" href="php-chunked-xhtml/refs.compression.html"/><topic label="Credit Card Processing" href="php-chunked-xhtml/refs.creditcard.html"/><topic label="Cryptography Extensions" href="php-chunked-xhtml/refs.crypto.html"/><topic label="Database Extensions" href="php-chunked-xhtml/refs.database.html"/><topic label="File System Related Extensions" href="php-chunked-xhtml/refs.fileprocess.file.html"/><topic label="Human Language and Character Encoding Support" href="php-chunked-xhtml/refs.international.html"/><topic label="Image Processing and Generation" href="php-chunked-xhtml/refs.utilspec.image.html"/><topic label="Mail Related Extensions" href="php-chunked-xhtml/refs.remote.mail.html"/><topic label="Mathematical Extensions" href="php-chunked-xhtml/refs.math.html"/><topic label="Non-Text MIME Output" href="php-chunked-xhtml/refs.utilspec.nontext.html"/><topic label="Process Control Extensions" href="php-chunked-xhtml/refs.fileprocess.process.html"/><topic label="Other Basic Extensions" href="php-chunked-xhtml/refs.basic.other.html"/><topic label="Other Services" href="php-chunked-xhtml/refs.remote.other.html"/><topic label="Search Engine Extensions" href="php-chunked-xhtml/refs.search.html"/><topic label="Server Specific Extensions" href="php-chunked-xhtml/refs.utilspec.server.html"/><topic label="Session Extensions" href="php-chunked-xhtml/refs.basic.session.html"/><topic label="Text Processing" href="php-chunked-xhtml/refs.basic.text.html"/><topic label="Variable and Type Related Extensions" href="php-chunked-xhtml/refs.basic.vartype.html"/><topic label="Web Services" href="php-chunked-xhtml/refs.webservice.html"/><topic label="Windows Only Extensions" href="php-chunked-xhtml/refs.utilspec.windows.html"/><topic label="XML Manipulation" href="php-chunked-xhtml/refs.xml.html"/></topic><topic label="PHP at the Core: A Hacker's Guide to the Zend Engine" href="php-chunked-xhtml/internals2.html"><topic label="Preface" href="php-chunked-xhtml/internals2.preface.html"/><topic label="The &quot;counter&quot; Extension - A Continuing Example" href="php-chunked-xhtml/internals2.counter.html"/><topic label="The PHP 5 build system" href="php-chunked-xhtml/internals2.buildsys.html"/><topic label="Extension structure" href="php-chunked-xhtml/internals2.structure.html"/><topic label="Memory management" href="php-chunked-xhtml/internals2.memory.html"/><topic label="Working with variables" href="php-chunked-xhtml/internals2.variables.html"/><topic label="Writing functions" href="php-chunked-xhtml/internals2.funcs.html"/><topic label="Working with classes and objects" href="php-chunked-xhtml/internals2.objects.html"/><topic label="Working with resources" href="php-chunked-xhtml/internals2.resources.html"/><topic label="Working with INI settings" href="php-chunked-xhtml/internals2.ini.html"/><topic label="Working with streams" href="php-chunked-xhtml/internals2.streams.html"/><topic label="PDO Driver How-To" href="php-chunked-xhtml/internals2.pdo.html"/><topic label="Extension FAQs" href="php-chunked-xhtml/internals2.faq.html"/><topic label="Zend Engine 2 API reference" href="php-chunked-xhtml/internals2.apiref.html"/><topic label="Zend Engine 2 Opcodes" href="php-chunked-xhtml/internals2.opcodes.html"/><topic label="Zend Engine 1" href="php-chunked-xhtml/internals2.ze1.html"/></topic><topic label="FAQ" href="php-chunked-xhtml/faq.html"><topic label="General Information" href="php-chunked-xhtml/faq.general.html"/><topic label="Mailing lists" href="php-chunked-xhtml/faq.mailinglist.html"/><topic label="Obtaining PHP" href="php-chunked-xhtml/faq.obtaining.html"/><topic label="Database issues" href="php-chunked-xhtml/faq.databases.html"/><topic label="Installation" href="php-chunked-xhtml/faq.installation.html"/><topic label="Build Problems" href="php-chunked-xhtml/faq.build.html"/><topic label="Using PHP" href="php-chunked-xhtml/faq.using.html"/><topic label="Password Hashing" href="php-chunked-xhtml/faq.passwords.html"/><topic label="PHP and HTML" href="php-chunked-xhtml/faq.html.html"/><topic label="PHP and COM" href="php-chunked-xhtml/faq.com.html"/><topic label="PHP and other languages" href="php-chunked-xhtml/faq.languages.html"/><topic label="Migrating from PHP 4 to PHP 5" href="php-chunked-xhtml/faq.migration5.html"/><topic label="Miscellaneous Questions" href="php-chunked-xhtml/faq.misc.html"/></topic><topic label="Appendices" href="php-chunked-xhtml/appendices.html"><topic label="History of PHP and Related Projects" href="php-chunked-xhtml/history.html"/><topic label="Migrating from PHP 5.4.x to PHP 5.5.x" href="php-chunked-xhtml/migration55.html"/><topic label="Migrating from PHP 5.3.x to PHP 5.4.x" href="php-chunked-xhtml/migration54.html"/><topic label="Migrating from PHP 5.2.x to PHP 5.3.x" href="php-chunked-xhtml/migration53.html"/><topic label="Migrating from PHP 5.1.x to PHP 5.2.x" href="php-chunked-xhtml/migration52.html"/><topic label="Migrating from PHP 5.0.x to PHP 5.1.x" href="php-chunked-xhtml/migration51.html"/><topic label="Migrating from PHP 4 to PHP 5.0.x" href="php-chunked-xhtml/migration5.html"/><topic label="Classes and Objects (PHP 4)" href="php-chunked-xhtml/oop4.html"/><topic label="Debugging in PHP" href="php-chunked-xhtml/debugger.html"/><topic label="Configure options" href="php-chunked-xhtml/configure.html"/><topic label="php.ini directives" href="php-chunked-xhtml/ini.html"/><topic label="Extension List/Categorization" href="php-chunked-xhtml/extensions.html"/><topic label="List of Function Aliases" href="php-chunked-xhtml/aliases.html"/><topic label="List of Reserved Words" href="php-chunked-xhtml/reserved.html"/><topic label="List of Resource Types" href="php-chunked-xhtml/resource.html"/><topic label="List of Available Filters" href="php-chunked-xhtml/filters.html"/><topic label="List of Supported Socket Transports" href="php-chunked-xhtml/transports.html"/><topic label="PHP type comparison tables" href="php-chunked-xhtml/types.comparisons.html"/><topic label="List of Parser Tokens" href="php-chunked-xhtml/tokens.html"/><topic label="Userland Naming Guide" href="php-chunked-xhtml/userlandnaming.html"/><topic label="About the manual" href="php-chunked-xhtml/about.html"/><topic label="Creative Commons Attribution 3.0" href="php-chunked-xhtml/cc.license.html"/><topic label="Index listing" href="php-chunked-xhtml/indexes.html"/><topic label="Changelog" href="php-chunked-xhtml/doc.changelog.html"/></topic></toc>
